{
    "question": [
        {
            "id": 1, 
            "Question": "한 달 평균적으로 체육활동을 하는데 사용할 수 있는 경비는 어느 정도 입니까?",
            "FindAnswer": ["지불할 수 없다.", "1원 이상 ~ 2.5만원 미만", "2.5만원 이상 ~ 5만원 미만", "5만원 이상 ~ 7.5만원 미만", 
            "7.5만원 이상 ~ 10만원 미만", "10만원 이상 ~ 12.5만원 미만", "12.5만원 이상 ~ 15만원 미만", "15만원 이상"]
        },
        {
            "id": 2, 
            "Question": "운동 용품을 구입하는데 사용할 수 있는 경비는 어느 정도 입니까?",
            "FindAnswer": ["지불할 수 없다.", "1원 이상 ~ 10만원 미만", "10만원 이상 ~ 20만원 미만", "20만원 이상 ~ 30만원 미만", 
            "30만원 이상 ~ 40만원 미만", "40만원 이상"]
        }
    ]
}